;text;klasifikasi
1;sore lagi ingin makan jiwa toast yg kari terus pesan lewat jiwa eh double combo dapet vouchernya besar;Positif
2;iunya cakep harus diapresiasi ngeliatnya segar tidak bikin user pusing dan informatif juga;Positif
3;kembali terjadi bayar pake sopipai ditolak sistem padahal saldo ada giliran diulang malah tulisannya tagihan sudah dibayar kan aneh aplikasinya ngaco;Negatif
4;tidak perlu khawatir lagi tidak perlu antri buat beli jiwa toast fav aku tinggal pick up aja belinya lewat jiwa ;Positif
5;wiiii mantap dah tidak cuma download jiwa menang banyak promo gwd;Positif
6;uinya sederhana tidak ribet trs appnya jg ringan tidak bikin lambat hp sama skali;Positif
7;aplikasi jiwa ini keren dahh gw baru tau dateng tinggal duduk aja tidak perlu antri pesannya ;Positif
8;mantap jiwa;Positif
9;ada notif promo otw buka aplikasi cari yg promo an lah kok mau di masukin keranjang tidak bisa wkwk tulisannya internet error mulu dahal dah ganti pake wifi sama data seluler sama aja niat kasi promo gak sih dari kemarin begini mulu ;Negatif
10;langsung senang kalau buat jiwa trus pas lagi ada gooddeals mana tidak perlu antri pesannya;Positif
11;kalo pengen toast janjiw walaupun aku dimall tinggal duduk aja pesannya lewat jiwa deh tidak perlu antri;Positif
12;enak nya pake aplikasi ini gw bisa pilih mau pesan dioutlet dan pick up dimana pkoknya smua prosesnya sampe bayar tuh sederhana;Positif
13;banyak promo dan harganya jauh lebih murah dibanding beli lewat ojol;Positif
14;good deals banget udh promonya banyak ditambah lg kl ajak temen buat download dpt voucher lg mana gede ;Positif
15;wih wih gue ajak temen buat download ini trs pake refferal code lumayan banget cuy dpt potongan voucher ;Positif
16;ngecek app jiwa selalu jadi highlight harian tampilannya kece dan selalu ada promo yang sayang banget kalau dilewatkan jadi cek jiwa terus buat liatin promonya;Positif
17;beli kopi di app jiwa rasanya kayak dapet jackpot terus soalnya promo selalu bikin bahagia deehh;Positif
18;pengalaman menggunakan aplikasi sangat buruk tidak bisa masuk sama sekali hanya stuck di menu pencarian toko sebelum dan sesudah update pun masih sama padahal internet lancar dan spesifikasi device yang digunakan masih sesuai dengan minimum aplikasi ;Negatif
19;pembelian promo lewat aplikasi sering di tolak;Negatif
20;mantap hanya sayang beberapa outlet pelayanannya lambat padahal kita udah pesan menit diawal jilid ;Netral
21;cakep banget ini aplikasinya kemaren dapet promo beli toast gratis minum dong;Positif
22;aplikasi ini sangat membantu datang ke outlet kopi langsung jadi tidak perlu menunggu lagi suka banget;Positif
23;kapan lagi dapet promo diskon modal invite temen buat download jiwa wkwk;Positif
24;aplikasi bagus tampilan utamanya banyak promo gakan ketinggal diskon kl gini;Positif
25;aku bisa bilang jiwa ini mudah digunakan terutama buat pengguna baru dan tidak akan pusing karena aplikasinya bersih dan sederhana;Positif
26;keren;Positif
27;fiturnya simple banget bagus tp ku suka karna isinya banyak promo wahahaha;Positif
28;promo nya pertahankan ya min kl bisa banyakin ehh jatuh cinta nih sm aplikasinya ;Positif
29;paraahhhhh janji jiwa ciracas ga cantumin no hp;Negatif
30;aplikasi ini andalan banget disaat bm tp tidak mau antri;Positif
31;kemarin bm banget jiwa toast pesan lewat jiwa lumayan banget dapet dpt potongan promo plus tidak perlu antri lagi ;Positif
32;sudah kali pesan dibatalkan sistem;Negatif
33;tampilannya cantik mereka bikin tampilannya sederhana dan enak nya bayarnya ga ribet terima semua jenis pembayaran;Positif
34;tidak perlu antri semenjak pake app jiwa udh simple dapet promo pula makk;Positif
35;jelek banget aplikasi tanggung banget pesanan sering dibatalkan gak langsung ke pengembalian dana masa pengembalian dana aja hari kerja gila banget ;Negatif
36;kesukaan aku si pake jiwa tuu aku pake itu udah x wakakak lumayan banyak promonya;Negatif
37;najis lambat banget aplikasi apaan tidak usah sok pake aplikasi klo lambat;Negatif
38;tidak bisa masuk kode verifikasi nya padahal singal aman udah di restart juga hpnya;Negatif
39;udah gak mau ribet nunggu lagi jiwa bikin beli kopi jadi makin asyik tinggal pesan langsung pick up dehh;Positif
40;muter tidak praktis;Negatif
41;jiwa ini penyelamat buat aku si pecinta kopi banyak promonya emang udah paling mantap banget;Positif
42;banjarmasin banyak cabang nya tapi kenapa tidak tersedia di aplikasi ini ;Negatif
43;kemarin abis nyobain app jiwa garagara liat promoan di twitter mayan juga dapet diskon buat pengguna baru ihiy;Positif
44;mantap enak;Positif
45;sebagai pengguna baru diskon voucher di jiwa tu berguna banget buat aku mayan lah ngehemat;Positif
46;menu diappnya lengkap bangett dan promonya menarik buat gw personally appnya berguna skalii ;Positif
47;satu lagi kelebihan jiwa bisa beli kopi favorit tanpa bikin dompet nangis diskonnya banyak banget jadinya sekarang aku selalu order lewat app hehehe;Positif
48;tampilannya sederhana bersih mudah dipakai promonya juga ok banget ;Positif
49;karena beli pakai voucher diskon jadi dapatnya didiskon juga tidak seperti biasanya terkahir beli di mall sumarecon bekasi ga di infoin sm outletnya kalo kopinya habis berasa susu di gulain ditambah air;Positif
50;langsung order kopi di jiwa sekarang tidak perlu nunggu lama tinggal pick up aja ke storenya mhixixi;Positif
51;terima kasih banyak buat temen w yg rekomendasiin jiwa soalnya sekarang bisa ngopi tanpa dompet boros;Positif
52;saya harap kedepannya ada mode gelap pada tampilan aplikasinya;Netral
53;tidak ada opsi batalkan pesanan setelah payment pengalaman salah pilih outlet padahal pesan percis di depan outlet yg diinginkan sistem otomatis memilih outlet yg lebih jauh karena di aplikasi status outlet yg diinginkan sudah tutup padahal offlinenya masih buka sebagai masukan seharusnya bisa batalkan pesanan dan pengembalian dana masuk ke saldo aplikasi dan ditambahin lagi dengan fitur chat supaya bisa konfirmasi ke outlet misal terjadi kesalahan pesanan gak tau deh itu pesanan sy yg minum siapaa;Negatif
54;enak nya sekarang kalau mau beli kopi tinggal pesan lewat jiwa terus pick up aja deh ga ada drama nunggu lama lama;Positif
55;outlet sering bermasalah dan salah bikin pesanan;Negatif
56;kalau beli langsung kan lumayan boros yaa soalnya aku ngopi tiap hari wkwk kemarin dikasih tau kasirnya bisa pake jiwa beneran banyak promonya coy enak banget emangg;Positif
57;penipu promo percuma ngadain promo tapi tidak bisa dipesan;Negatif
58;semenjak pake jiwa jadi sering ngopi tapi tetep hemat emang terbaik sii soalnya banyak promo juga;Positif
59;lebih simpel dan lebih banyak promo;Positif
60;lebih murah beli pake aplikasi perbanyak terus diskon n promonya;Positif
61;app jiwa cakep banget ringan gak bikin hp lambat promonya ya selalu bikin senyum deh pokok'e;Positif
62;iseng order janjiw di aplikasi jiwa jadi pas nyampe tempatnya bisa langsung pick up praktis abis ;Positif
63;awalnya download karena kepo tapi beneran banyak voucher promo dan tampilannya simple gak bikin pusing ;Positif
64;aku sekarang pake jiwa aplikasi buat pick up order janjiw gituu makin asik deh tidak perlu antri lama sekarang ;Positif
65;alamat berubah terus udah pilih alamat baru kembali lagi ke alamat terdeteksi merugikan pelanggan ;Negatif
66;point jiwanya udah gak berlaku lagi;Negatif
67;bintang satu dulu untuk perbaikan app saya sarankan ada pemilihan jam pick up percuma order by app kalau gak bisa pilih jam pick up sama saja seperti beli on the spot;Netral
68;memudahkan jika ada promo ;Positif
69;aplikasi scam doang banyak promo tp stok kopi basicnya kosong mlulu giliran di samperin ke stornya ada doong x klo ditengok tengok ke aplikasiilasi pasti selalu tetep out of stok;Negatif
70;kebiasaan ya kaliankalo lg ada promo pasti aplikasi kalian eror selalu gitu yaa dr pagi ke pagi kalo gak eror pasti menu yg dipromoiin habis tidak tersedia padahal di cek trs masih habis menunya kalo gak niat promo jgn promo jadi tidak suka;Negatif
71;baru buka aplikasi ada video gak penting bikin lambat;Negatif
72;ok;Positif
73;aneh di gojek tersedia tpi di aplikasi terbilang stock habis tolong dong untuk daerah palembang stock nya di update masa item nya udah seminggu kosong ;Negatif
74;praktis;Positif
75;ga ada perbedaan keuntungan sama sekali dari loyalty membership jiwa ke teman sejiwa;Negatif
76;mau simpan alamat atau milih alamat gagal trs ribet;Negatif
77;murah banget kalo pke discon ;Positif
78;promo nya hoax mulu ;Negatif
79;secara aplikasi stok selalu habis ketika datang ke outlet ada minumanya gak jelas apa cuma mau collect data pribadi aja ini aplikasi ;Negatif
80;tolong ada in fitur bayar di tempat dong cash ;Netral
81;berisik notifikasi mulu;Negatif
82;titik kirimnya eror gak ada fitur cancelnya kalo udah dibayar jadi kalo ada kesalahan alamat atau salah pesan yaudah uang hangus;Negatif
83;bisa ga si tiap bulan ga usah update mulu capek;Negatif
84;mohon maaf saya beri bintang saya sudah coba x saatau sign in tp kode otpnya tidak terkirim melalui wa;Negatif
85;kenapa aplikasi nya sering disuruh update padahal baru hari udah disuruh update;Negatif
86;salah outlet gabisa dibatalkan ambil pesanan dihari berikutnya tidak bisa tidak jelas;Negatif
87;tidak bisa daftar apa karena no hape digit;Negatif
88;selalu pake aplikasi ini klo mau beli kjj lumayan harga klo pke promo;Positif
89;aplikasinya keren;Positif
90;setelah diupgrade aplikasi ini jadi sangat lambat dalam menca ri outlet;Negatif
91;nggak bisa login ;Negatif
92;ampir tiap beberapa minggu minta update terus performa sama aja tidak ada bedanya;Negatif
93;aplikasinya lambat parah benerin dulu lah aplikasinya kalo mau pake aplikasi;Negatif
94;keseringan banget harus update;Negatif
95;minta di perbaharui mulu heran deh;Negatif
96;terlalu sering update aplikasi dibanding aplikasi kopi lainnya jadi bikin lama kalau mau pesan melalui aplikasi;Negatif
97;emg kalo satu lokasi stok abis jadi satu kota stok nya abis juga ya masa tiap hari ngecekin menu baru stok abis mulu satu kota pdhal udh updte terbaru aplikasi nya;Negatif
98;sering error lama jiwa point tidak bisa di pake;Negatif
99;kenapa sekarang kalo mau pesan harus di updet dlu yaa aplikasinya;Netral
100;top banget;Positif
101;kenapa ditempat saya kalau di aplikasi lagi promo selalu stok habis pdhal baru buka emang tersedia cuman aja;Negatif
102;gak ush donwload ini seluru tokoh barang tidak tersedia stok habiss tiap saat masa tidak tersedia trss ;Negatif
103;mending tidak usah ngadain promo aplikasi kalau produkny dibuat stock habis semua giliran beli ditoko secara langsung ternyata produkny ada;Negatif
104;kadang lambat lambat;Negatif
105; jangan bikin aplikasi kalo server ga kuat berkali kali order error buat streaming kenceng tapi buat order via app aja error terus ;Negatif
106;pesan dari aplikasi yang seharusnya bisa lebih efisien langsung pick upeh malah harus nyampe store baru orderan kita diterima lanjut dibikini setelah sebelumnya kita beritahukan saya ada mesan via aplikasi dan kejadiannya berulang malah kocak dah ;Negatif
107;aplikasi aneh beberapa kali mau order informasinya masuk keranjang tapi kocak keranjang aja gak ada tujuan dibuat aplikasi kan biar cepet sar set lah ini nyari keranjang order aja kaga ada kacau nih team it nya pada ngapain ya;Negatif
108;tidak ada opsi batalkan pesanan setelah payment pengalaman salah pilih outlet padahal pesan percis di depan outlet yg diinginkan sistem otomatis memilih outlet yg lebih jauh karena di aplikasi status outlet yg diinginkan sudah tutup padahal offlinenya masih buka sebagai masukan seharusnya bisa batalkan pesanan dan pengembalian dana masuk ke saldo aplikasi gak tau deh itu pesanan sy yg minum siapa ga mau sy bela in dari cibinong ke citayam untuk gelas minuman ;Negatif
109;baru instal udh dapet voucher dong hahaha suka banget deh selain bisa self pickup bisa dpt promo juga;Positif
110;tiap beli yg diskon pasti ada atau kali pesan di cancel sama outlet nya wkwkwk apa karna gua beli nya cuma doang yah trus keseringan wkwkwkw;Negatif
111;tambahkan menu pembatalan di transaksi pemesanan karena ada kemungkinan salah pilih outlet tmpt pemesanan;Netral
112;enak pokoknya pake aplikasi ini bisa pickup order sendiri gitu jadi lebih hemat waktu plus banyak promo juga;Positif
113;setelah update kok icon keranjang belanja nya hilang;Negatif
114;mantap banget skrg kalau mau pesan udah bisa lewat appsnya promo nya juga selalu aad;Positif
115;suka banget disini banyak promonya tp aku jadi sering jajan hehehehe;Positif
116;aplikasi sering salah titik padahal tidak pernah dganti alhasil pesanan salah alamat padahal udh sering order tidak pernah ganti outlet tp ini kok bisa titik outlet yg diorder sangat jauh saldo kepotong pesanan gak bisa di cancel kecewa;Negatif
117;ak jd semangat ngumpulin points mengejar naik level jadi sampai belahan jiwa;Positif
118;murah banget pesan lewat app ini makin rajin dehh aku ngopinya;Positif
119;dowload aplikasi ini karna rekomendasi temen sih eh pas liat banyak promo jadi semangat ngopi tiap hari ;Positif
120;sebagai anak kost kanker alias kantung kering aku merasa terbantu dalam jajan kopi kalau pakai jiwa;Positif
121;sangat menguntungkan ya install app ini karena promonya unlimitedd;Positif
122;dijamin akan super berguna buat yang mau tetep ngopi di tanggal tua;Positif
123;promonya ada dan memang lebih murah dibanding rd party app tapi gatau kenapa kayaknya di semua outlet di tmpt ku stock di app nya ga di refill jadinya stock nya selalu habis padahal di app lain msh ada tolong diperbaiki ;Netral
124;tampilannya simpel ga buat pusing plus banyak promo yang ekslusif juga;Positif
125;ribet banget mending langsung pke gojek atau grabsya download atas saran dr mba penjaga counter yg dkt statiun kota bekasi tapi setelah download sy tdk dibantu penjelasan dan akhirnya saya salah pesan di counter lain dari aplikasi ini dan merepotkan saya untuk ambil pesanan sendiri dan mencari counter tersebut saran saya jika konsumen sudah sampai di counter tersebut tolong layani manual aja jd ga repot ke aplikasi terima kasih;Negatif
126; gak bisa membuka aplikasi setelah update sudah re install malah gak bisa di install lagi;Negatif
127;udah beberapa hari ini order kopi terus buat temen skripsian dan selalu lewat jiwa;Positif
128;tampilannya simpel ga buat pusing plus banyak promo yang ekslusif juga;Positif
129;gak usah kau buat aplikasi ini pekerja nya gak pernah liat aplikasinya karna alasan gak ada notif ;Negatif
130;percuma promo jika stok selalu tidak ada;Negatif
131;pokoknya nie recommended banget krna banyak diskon sama promonya;Positif
132;fiturnya banyak dan jelas banget tapi anehnya ga lambat;Positif
133;percuma ada aplikasi bukannya mempermudah setiap order di tolak terus;Negatif
134;jelek sekali semua varian kopi yg promo di aplikasi jiwa stock tidak tersedia kalau beli tanpa aplikasi tersedia untuk apa download aplikasi ini outle di kota saya jiild ;Negatif
135;aplikasi tidak bisa dibuka;Negatif
136;aplikasinya cocok untuk hpku yang kentank alias ringan pol;Positif
137;lumayan nihh jiwa point aku udah banyak saking seringnya aku order di jiwa;Positif
138;cepat mudah banyak promo freeong dan diskon ;Positif
139;kecewa tiap kali cek aplikasi promo kopi susu selalu stok habis sebenarnya pesanan melalui aplikasi ini sangat menarik dan memudahkan karena banyak promonya cuma sayang sekali tiap kali promo seperti nggk niat mau promo promo yg paling sering kopi susu tapi selalu keterangan di aplikasi stok habis padahal sudah buka aplikasi dari pagi sejak toko buka mending tidak usah di buat promo kalo selalu tidak tersedia di aplikasi;Negatif
140; tidak seperti dulu cepat dan mudah;Negatif
141;kalau tidak niat bikin promo mending gak usah sekalian lah masak promo tapi kopi susunya selalu stok habis dari mulai buka tiap hari pula itu kayak gitu hadeehhh;Negatif
142;membantu menghemat pengeluaran juga sih ini aplikasi tiap beli kopi sering dapet promo dan bisa kumpulin pointsnya juga;Positif
143;pada halaman login aplikasi masih terdapat bug ketika sudah mengisi full name dan akan mengisi email ketika field email di input email field inputan full nama juga terganti menjadi isi email terimakasih;Negatif
144;promo nya mantap;Positif
145;suka banget banget banget sm appnya karena voucher plus promonya semoga tambah banyak ya;Positif
146;promo murah bohong pagi sore siang malam berganti bulan ttp stok habis kalau tidak niat tidak usah pasang promo murah saya penguna lama dari awal janji jiwa buka jadi pelanggan yang awal pake aplikasi ni jg jd pelanggan cb jangan di bohongin;Negatif
147;tidak ada tombolbutton untuk cancel saya beli take away salah lokasi tidak bisa cancel untuk ganti tempat tidak membantu sekali dan sangat merugikan;Negatif
148;jelek pesan ditolak terus ;Negatif
149;udah beberapa kali order lewat jiwa dan selalu lancar ;Positif
150;makin kesini makin pelit banyak menu minumannya dan makanan yang di kurangi ga kaya dlu loyal keknya sekarang lebih suka kopi kenangan gara gara promo jenius ;Negatif
151;merahmerah merona cakep gitu yee tampilan appnya ditambah baru install langsung dapet voucher kurang mantap jiwa apaa xixixixi;Positif
152;menguntungkan banget install app ini promonya ga habis;Positif
153;kadang cepat kadang pesanan lama juga;Netral
154;appnya tampilannya bagus semoga makin banyak promo dan vouchernya xiixxi;Positif
155;pemesanan harus berulang kali baru bisa diterima kadang kepesan kadang dibatalin banyak dibatalinnya ;Negatif
156;terbaik langganan selalu ;Positif
157;ternyata promonya banyak yang ekslusif untuk di app jiwa aja makin rajin aja gue pake ni app;Positif
158;gampang digunakan;Positif
159;biasanya balik kampus aku pesan di jiwa sambil jalan sampai sana tadaa sudah jadi hihihi;Positif
160;sangat kecewa pertama transaksi saldo sudah berkurang tapi keterangan diorderan dibatalin dan pas ke outlet langsung belum nerima orderan padahal saya ada bukti transaksi pembayaran berhasil lewat shopeepay udah konfirmasi cs nya malah gak ada kejelasan bukan masalahin nominalnya tapi kecewa lg pengen banget minum kopi janji jiwa gal bisaa karna kendala orderan yg gak jelas ;Negatif
161;kalau di kantor pada kepengen ngopi aku auto inisiatif pesanin lewat jiwa biar dapet banyak poin xixixi;Positif
162;memudahkan;Positif
163;kirain tersedia di banjarmasinbanjarbaru eh ga semua ternyata ;Negatif
164;aplikasinya enak banget dipakenya buat pengguna baru juga pasti akan langsung paham pakai jiwa;Positif
165;beli item d aplikasi ternyata nya gelas kecil imut banget bukan gelas reguler kenapa bisa begitu ;Negatif
166;tidak ada pertanggung jawaban dr driver karna kendala produk tidak sampai ditangan saya bahkan saya sudah menunggu hampir jam bilangnya sudah dikirim tetapi tidak ada padahal saya sudah bayar jasa pengiriman dan bayar produk tetapi malah saya yg rugi ;Negatif
167;aplikasi harus dibenahi tambahan fitur batalkan pesanan seharusnya diadakan karena sangat menyulitkan jika ternyata ada kesalahan saat input outlet;Negatif
168;kenapa tidak bisa login si;Negatif
169;tidak ada outlet jayapura di app tapi kalo offline ada mohon perbarui;Negatif
170;seneng banget dapat voucher untuk pengguna baru otw rajin beli kopi lewat jiwa;Positif
171;semangat aku ngumpulin poin di app jiwa karena ternyata bisa dipakai jajan kopi lagii;Positif
172;bagus;Positif
173;install karena dipaksa temen buat make referral code dia eh malah ketagihan pakai jiwa karena promonya berlimpah benerr;Positif
174;minta update mulu tapi gada yg berubah di aplikasinya;Negatif
175;agak lambat aplikasinya;Negatif
176;kenapa di laporan penambahan poin hanya sampai bulan agustus sedangkan setiap pembelian dari bulan september sampai bulan oktober ini tidak ada laporannya jadi alhasil poin sata tidak bertambah walaupun sering beli ini bagaimana ya padahal sudah sering update;Negatif
177;ga ada yg ngalahin serunya belanja kl tidak ada promo ni jiwa keren deh promonya ada aja slalu;Positif
178;ga seru ah sebelum di update promonya lbh menarik stlh di update makin menurun promo nya padahal pengguna jiwa sejati agak nyesel sih nga update beeh selalu aja kayak gini klo ada pembaharuanupdate selalu ga bs dan error udh dicoba berbagai cara dr mulai internet datawifi tetep ga bs karena kesel langsung uninstall appklikasi nya sorry pensive ;Negatif
179;aplikasi mudah digunakan;Positif
180;aplikasi nya minta update trs menu promo bagus beragam beda bnyak pilihan tp sekali diklik mau beli tidak tersedia terus untuk semua promo nya dan semua outlet dipalembang nih konsepnya ngasih promo jalur gambar doang wkwk ngerasa tidak ada guna nya download aplikasi jj sih jdnya kecewa pindah aplikasi kopi yg lain deh semoga diperbaiki ya sistem aplikasi jj nya makasih;Negatif
181;bagus;Positif
182;berawal dari temen pake aplikasi ini eh jadi ikut download karena banyak promo yang bisa kita pake udah gitu aplikasinya simpel jadi bisa gampang dipake;Positif
183;pesan nya spicy bulgogi yg dikirim egg mayo mentang promo;Negatif
184;setelah update aplikasi ada perubahan semoga jiwa semakin baik kedepannya;Positif
185;aplikasi harusnya bisa menyesuaikan titik lokasi atau maps pada saat order tp titik lokasi pada saat pesan tidak ada kurang efektif bila pakai pilihan outlet tidak menyesuaikan titik lokasi tempat customer dan menu coffe latte harus selalu di note pakai gula ;Negatif
186;di aplikasi ditulis promo pas di cek banyak yg stok habis mau pagi siang sore tetap habis mana yg mau di beli kalau habis stok tapi jujur semua menu nya enak ;Netral
187;parah dana ovo sudah masuk ke jj boulevard tetapi tiba dibatalin begitu saja ovo saya jadi berkurang setiap saya pesan ke jj tempat lain aman aja disini doang nih parah;Negatif
188;minta update mulu seminggu sekali situ waras;Negatif
189;habis di update malah gak bisa pesan lagi karna jarak lebih dari km aktual jarak km padahal sebelumnya bisa jarak lebih dari km seharusnya bisa naikin ongkir aja yg sebelum nya langganan bisa pesan hampir tiap hari jadi malas dan gak bisa pesan lagi;Negatif
190;kok tidak bisa save alamat ya jadi tidak bisa pesan;Negatif
191;hari ini beli pas promo beli cuma pas mau ambil minuman ternyata antrinya gila gilaan akhirnya nyoba nanya ke masnya bisa di cancel ga ternyata tidak bisa di cancel di aku maupun di storenya akhirnya aku relakan lah daripada habis waktu di ngantri ambil minuman saran aja ya buat janji jiwa usahakan ada tombol cancel di storenya jadi customer bisa minta batalkan ke storenya kalau ga sanggup ngantri kaya tadi ini dibatalin gabisa ngantri pun malas puolll akhirnya di relain tuh minuman;Negatif
192;enak nya pakai app jiwa itu ya tidak perlu nunggu lama;Positif
193;saran saya untuk semua outlet harap didaftarkan ke aplikasi karena di kota saya tidak ada outlet yg terdaftar di aplikasi ini;Netral
194;nggak ada gunanya download aplikasi ini di makassar udah coba gerai bayar pake ovo bayar pake gopay semuanya direfund entah alasannya apa percuma download ini nggak bisa pesan lewat aplikasinya sendiri ;Negatif
195;promo nya seperti nya pembohongan pesan di outlet jati raya banyumanik semarang x dr aplikasi di batalkan terus kata mbak outlet nya pesanannya belum masuk lain kali gak usah ikutan promo lainnya kalau gak niat ikut event nya membuang waktu dan tenaga aja sih ;Negatif
196;mantap;Positif
197;tolong tambahin fitur buat pilihan gula normal less non sugar nya yaa ;Netral
198;aplikasi masih berat untuk di pakai;Negatif
199;banyak promoan suka ;Positif
200;udah pake aplikasi bukannya makin cepet malah makin lama beli toast di store di mall ciputra ada kali jam lebih baru di proses jelek banget ;Negatif
201;baru pertama download eh udah disuruh update pas di klik update tidak ada update an sangat menjengkelkan sekali hahaha;Negatif
202;mantap;Positif
203;aplikasi tidak bisa dibuka selalu minta upgrade plis diperbaiki bugnya;Positif
204;udah dua kali order lewat jiwa dan ternyata ada point untuk loyalty member gitu makin semangat jajannya heheheh;Positif
205;aplikasi jiwa memudahkan pengguna banget buat semua usia;Positif
206;rating satu ahselalu dan selalu memperbaharui terus cape ah aplikasi teh mana buat menu coffee yang promo rasanya gak enak pisan ;Negatif
207;saya komplain baru selesai sebulan itupun udah di spam chat mudah an lebih baik lagi;Negatif
208;baruuu banget install jiwa udah dapet diskon senang bangett huhuhu;Positif
209;order via aplikasi di pvj tgl sep jam dicancel oleh store jam tanpa konfirmasi tidak ada penjaga penjual di store bukan error aplikasi tp tidak ada petugas penjual di gerai janji jiwa pvj pada saat itu pengunjung bukan hanya saya tetapi banyak yg pengunjung lain mengalami hal yg sama kemana petugas penjual di gerai tersebut ;Negatif
210;masa tidak bisa dipake vouchernya tulisannya voucher tidak bisa digunakan tidak tau deh salahnya dimana edit terima kasih sekarang sudah lebih baik kerja bagus janjiw and crew;Negatif
211;point udah ga bertambah tanpa pemberitahuan atau penjelasan jika takut rugi jangan adain sistem point dri awal yng udah tau point dri awal trus tiba ga bertambah pointnya ya merasakan banget dampak negatifnya mohon diperbaiki lah;Negatif
212;alhamdulillah sekarang aplikasinya sudah lebih bagus dari fitur dan kegunaannya dan di aplikasi lebih banyak diskonnya;Positif
213;sudah bagus;Positif
214;jiwa jadi solusi masa kini kalau mau beli kopi tanpa antri;Positif
215;gak bisa login;Negatif
216;suka banget sama aplikasi jiwa sekarang yang sangat mempermudah aku kalau mau ngopi;Positif
217;sangat bagus dan pelayanannya bagus;Positif
218;puh sepuhhh aplikasinya bagus puhh sepuh;Positif
219;so senang bisa pesan banyak banget tp disc karena belinya lewat jiwa;Positif
220;pesan kopi lewat aplikasi jiwa ada promo promo menarik dan bisa mengumpulkan poin produk kopi janjiw;Positif
221;habis update tiap mau pesan keluar ke menu utama lagi ga kepake aplikasinya;Negatif
222;sebagai pecinta kopi ya ngerasa kebantu banget sama aplikasi ini pickupnya gampang semoga makin banyak promonya yaaa;Positif
223;hapus aja aplikasi lambat dan tidak niat memberikan promo promonya selalu tidak tersedia di outlet;Negatif
224;aplikasi nya sangat memudahkan kita untuk memesan kopi sistemnya lebih mudah di gunakan dan pelayanan anternya cepet;Positif
225;beneran tampilan aplikasinya bagus banget sederhana mempermudah kita mau pencet apa terus tinggal pickup dan ambil jadi tidak perlu ngantre;Positif
226;promo doang banyak orderan dibatalin terus iklan aplikasi doang;Negatif
227;aplikasinya responsif dan promonya banyak terimakasih janji jiwa ;Positif
228;bisa jadi andalan klo lagi mager ngantri karna pesan di aplikasi bisa lsg ambil kopi aja ke tokonya tanpa perlu ngantri;Positif
229;banyak promo menarik di aplikasi terimakasih jiwa plus;Positif
230;semoga promo janji pasti hematnya gak berakhir sebagai team kopi tiap hari dah cinta banget sama aplikasi ini ;Positif
231;pake aplikasi ini jadi ketagihan beli toast dan kopi lewat sini promonya banyak dan dapet points barusan order toast pakai jiwa points yang selama ini dikumpulin yeayyyy;Positif
232;top;Positif
233;tampilan aplikasinya simpel jadi gampang dipake tidak ribet banyak juga promo yang bisa dipake;Positif
234;buat yang suka minum kopi ini untung banget sih beli kopi dapet promo udah gitu pointnya bisa dikumpulin juga untungnya banyak;Positif
235;sudah sampe depan outlet malah di cancel ;Negatif
236;warga kosan ayo merapat ini selain banyak promo bisa ngumpulin poin lg jadi super hemat ;Positif
237;mempermudah kalo order buat di pickup sih apalagi kl mepet waktunya jadi pas sampe tidak perlu antri dan nunggu lama lagi gitu;Positif
238;order jadi lebih gampang dan promonya banyak banget sih jd untung untung untung;Positif
239;kenapa alamat outlet daerah banjarmasin tidak ada ;Negatif
240;gak sabar buat pake vouchernya sih mau sendiri mau ramean ttp semua worhtit bangett;Positif
241;terharu sm janji jiwa krn selalu berusaha kasih yg terbaik contohnya kaya banyak promo dan sistem poin yg skrg dipake di jiwa;Positif
242;baru aja pesan caramel latte sm jiwa toastnya td sore tentu krn pake promo makanya aku bisa boros huahahaha;Positif
243;tidak perlu galau lagi mikirin boros boros lg krn pake promo jiwa jd murah habis;Positif
244;super untung jajan jjan lewa jiwa deh ;Positif
245;selain promonya banyak disini juga ada jiwa points yg ngebantu buat bayar next payment gt gais;Positif
246;di aplikasi promo tiap mau pesan stok habis ;Negatif
247;gas download sih daripada kalian ketinggalan dan gadapet promonya;Positif
248;padahal download belom lama tp poin gw udh banyak banget wwwkkwk hebat banget si janjiw ini menarik pelanggan sperti gw;Positif
249;bakal rajin rajin numpukin jiwa points sih biar bs byr pake jerih payah w;Positif
250;order di cancel tapi saldo ga kembali;Negatif
251;percuma kasih promo tp setiap pesan tidak tersedia;Negatif
252;bisa beli tiap hari ini sih kalo promonya jiwa ga abis abis;Positif
253;tidak perlu lagi takut miskin di akhir bulan krn di jiwa banyak banget promo yang ga bikin katong menipis;Positif
254;belom nyampe sehari download gw udh beli janjiw x tolong ya jiwa kalo kasih promo jgn lebay banget kan gw jd tergiur ;Positif
255;sudah beberapa kali saya order via aplikasi tiba ini alamat saya yg pontianak bisa berubah jadi batam gimana sih ya jelas aku order seperti biasa eh begitu sadar rupanya jadi batam sejak kapan saya ubah jadi batam orang order via shopeefood saja bisa kedata alamat kita mengecewakan rencana ngopi malah emosi uang tertelan auto unistall orderan tidak bisa dicancel atau pengembalian dana atau ganti outlet ;Negatif
256;suka ada voucher voucher diskon gitu jadi tambah murah lagi deh mantap semoga makin banyak promonya;Positif
257;suka bangett samaa aplikasi ini deh pas awal bikin tuh aku lsg dapet voucher kebetulan jg diriku team harus ngopi biar senang jd sekalian ngumpulin point;Positif
258;aplikasinya gak berat di handphone tampilannya juga simple mau pick up order juga bisa jadi satset banget tinggal ambil ke store aja tanpa ngantri;Positif
259;uinya simpel banget pengguna baru pasti kaga pusing sama tampilannya voucher promonya banyak juga ;Positif
260;promo ada tapi tidak bisa dipake tulisan nya auto terpasang tapi ga masuk promonya semoga kedepannya ada tombol gunakan sekarang di promonya;Negatif
261;barusan order pake voucher krna pengguna baru tp pas dicek voucher promo lainnya jg banyak banget;Positif
262;promo sih tapi kalo mau pesan kopi susu abis mulu di aps ;Netral
263;bagus si kampanye peduli bumi mengurangi kantong plastik cuma kalian galiat cup yg dipake itu bahan dasarnya apa saya yg order via online merasa tidak nyaman yg tidak ada kantong plastik dan sedotan;Netral
264;mau kasih saran buat apa pickup pake aplikasi kalo ujung ujungnya harus konfirmasi dulu baru dibuatin kopi kenangan udah jadi tinggal dikasih es sama mereka jadi cepet tidak berguna aplikasi kalo ngantri ngantri juga;Netral
265;app tidak berguna niat jualan gk setiap pesan dibatalkan beda banget sama toko sebelah banyak promo dan poin;Negatif
266;niat jualan ga sih semua yg promo tidak bisa diorder ;Negatif
267;error app meminta pesan ulang karena error pas dicek saldo memang blum berkurang tp ternyata pas dipesan ulang yang pertama juga terproses mohon diperbaiki ;Negatif
268;baru download lgsg dapet promo mantap sekaliiii;Positif
269;pas awal download karna emg kepo kata temen gua promonya banyak pas udh pake emang banyak banget dong udah gitu tampilan aplikasinya sederhana tidak bikin pusing moo rajin kumpulin point ah;Positif
270;pesan langsung lewat aplikasi promonya banyak banget dan juga cepat banget si cepat banget nyiapin dan sampenya ga ada menit pesan udah sampe temen temen yang tadinya uninstall aplikasi ini dicoba download lagi aja mereka udah lebih baik banget dari sebelumnya mungkin banyak upgrade ;Positif
271;aneh banget gabisa deteksi alamat jelas saya di palembang malah alamatnya di jkt terus sayangnya juga gabisa dipake buat dine in ya cuma buat take away dan delivery ;Negatif
272;sorry klo saya harus uninstall app tersebut karna aplikasi tersebut tidak bisa order selalu batal karna di tidak di respon oleh restoran untuk apa kalian membayar iklan tapi kinerja app tidak di jalankan semoga kedepannya bisa lebih baik lagi;Negatif
273;pake aplikasi ini jd enak banget karna ada banyak banget voucher yang bisa kita pake setiap hari;Positif
274;mau klik delivery tidak bisa bisa udh gt lokasi yg deket rmh saya tidak ada padhal biasa beli di sana;Positif
275;jiwa points nya bisa dituker buat beli produk janjiw juga tauu jd untung banget order lewat app jiwa nya;Positif
276;sangat buruk outlet janji jiwa di banda aceh setiap ada promo di jiwa selalu tidak di buka outlet melalui jiwa nya;Negatif
277;tidak semua outlet ngaktifin apps tidak membantu apps meskipun harga murah;Negatif
278;suka banget ada aplikasi jiwa ini tiap hari selalu ada promo dimana harga nya jauh lebih murah daripada beli offline meskipun deket banget dari kantor tapi kalo mau beli via online dulu biar dapet harga promo nya ;Positif
279;beli toast sama minum sepaket murah bangettt grgr pesan lewat jiwa auto pake voucherr;Positif
280;kode otp ga masuk masuk;Negatif
281;cukup ok tp pas beli pakai promo kayak ada hal beda dan tolong di tambah paymentnya jangan ewallet saja misal virtual account bank gitu thx u;Netral
282;gak bisa bayar pake cash padahal pick up;Negatif
283;tambah lagi metode pembayarannya tolong resep kopi arennya distandarisasi lagi karna terlalu encer ngga spt mantan sy;Negatif
284;mesen kali yg pertama berhasil ga ada kendala yg kedua stuck di tahap menunggu outlet menerima pihak outlet gabisa konfirmasi pesanan karena eror di sistem gak ada opsi cancel padahal udh di kasih feedback dari user lain sejak maret;Negatif
285;payah lg ada promo kok diaplikasi tutup store lippo plaza jember outlet buka padahal;Negatif
286;tampilannya simpel banget tidak bikin pusingg ditambah lg ada banyak promo juga jadi beli toast sama minum murah bangettt;Positif
287;kalo emang ada promo diniatin dong masa udah order dibatalin hehe;Negatif
288;apasih tidak niat memberi promo ya tidak perlu sok sok an aku ngisi kode pin kenapa tidak bisa terus;Negatif
289;saya pernah order di cabang mawar merah tapi tibatiba dibatalkan oleh karyawannya dg alasan karena ramai order tapi pas sy datang tidak ada siapapun padahal sy sudah nunggu lama itu jadi terlihat banget alasan aslinya karena karyawan itu pemalas melayani pelanggan;Negatif
290;aplikasi tolol mesen apa dikasihnya apa;Negatif
291;bermasalah terus kapan bener nya kak;Negatif
292;tidak usah buat promo kalau gabisa di beli promo nya;Negatif
293;tolong dong min diupdate lagi masa di samarinda cuma outlet aja yang masuk di aplikasi ini itupun outlet nya jauh;Negatif
294;balikin saldo gopay ku setelah pesananan ku dibatalin;Negatif
295;aplikasi belom layak pakai udah di luncurin jelek lambat sering error kecewa banget;Negatif
296;promo sering habis jadi outletnya tidak tersedia gitu app lambat;Negatif
297;sudah dibayar malah pesanan di batalkan dan dana tidak kembali;Negatif
298;kacau;Negatif
299;keren banget enak;Positif
300;download aplikasi waktu mau menikmati promo malah tidak bisa buat masukin alamat loadingnya pun lama;Negatif
301;benerin dulu aplikasinya;Negatif
302;aplikasinya lama loadingnya;Negatif
303;aplikasi berat dan suka eror tiap kali masukan menunotif pesanan tidak dapat di proses menu pembayaran tidak ada qris;Negatif
304;promo cuma penipuan doang gak berguna;Negatif
305;aplikasi sampah;Negatif
306;lama dalam mengurus pesanan;Negatif
307;mau order harus login mau daftar susah setengah mati;Negatif
308;ga semua outlet ada di aplikasi jelek;Negatif
309;aplikasi lambat;Negatif
310;pas baru regis akun lgsg dpt voucher diskon untung bangett buat beli jajannn < ;Positif
311;baru aja gw pake ni voucher semoga makin banyak promo lagi ya jiwa biar gw betah beli di sini wkwkwk;Positif
312;appnya bagus dan banyak dapet info info promo dari sini so goood;Positif
313;aplikasi ribet order di lippo puri masuk ke puri mansion apartment susah lupa milih outlet;Negatif
314;promo diaplikasi nya masih ada tapi stock tidak tersedia sedangkan cust beli manual stock ada;Negatif
315;pertama tama tampilan designnya perlu diapresiasi soalnya sederhana tapi tetap informatif ditambah lagi karena udah sejalan sama rebrand mereka yg baru jadinya jauh lebih segar aja liatnya;Positif
316;selalu dapet diskon;Positif
317;eh mantap banget deh tinggal order kupi di app jiwa terus pick up aja jadi mudah banget tidak perlu pake ngantri;Positif
318;jelek banget pelayanan kalau ga nerima orderan promo tidak perlu dimunculin di app nya buang buang waktu pick up ;Negatif
319;aplikasi gak berlaku di riau lawak si wkwkwkwk;Negatif
320;karena banyak promo jd sering banget beli janjiw di jiwa buat minum bareng anakanak kantor;Positif
321;merasa di bohongi point' saya sudah puluhan ribu tetapi tidak bisa digunakan padahal sudah berbulan bulan kata admin ig alesan nya aplikasi belum mendukung aneh banget nyiptain point' tp aplikasi ga mendukung kalah sama fore dan kopi kenangan;Negatif
322;d aplikasi pesanan sudah selesai pas di ambil belum di bikin mulu bukan sekali kali ini ;Negatif
323;pas beli diskon outlet selalu nolak sangat tidak sopan sekali;Negatif
324;download ini tuh awalnya emg cuma karna promo ajaa tp skrng jd pake setiap hari karna emg ngebantu banget buat order kopi tinggal pick up aja dehhh;Positif
325;jadi tidak akan ketinggalan kalo ada promo dari janjiw semenjak pake aplikasi inii soalnya di tampilan utama app nya aja langsung muncul banyak info diskon dan menu baru keren banget lo janjiw ;Positif
326;aplikasinya bagus nyaman ga lambat teman bisa pakai kode referal sofiei untuk diskon^^;Positif
327;tau aplikasi ini dari temen gw fix gw bakal ngumpulin banyak poin sih soalnya gw emg suka beli janjiw dari duluu ;Positif
328;pesan di app jiwa ini jadi lebih gampang soalnya semua menu lengkap banget dan bs pilih berbagai outlet terdekat;Positif
329;jadi lebih mudah untuk pesan via online;Positif
330;bisa bagi kode referral jg ke temen loh kalo mau dpt voucher asal mrk masukin kode referral aja pas baruu download;Positif
331;promo lewat aplikasi ok tapi order yang salah tidak bisa di batalkan misal mengganti lokasi pick up mungkin bisa di tambahkan fitur pembatalanedit di detik pertama jiwa care juga harus lebih responsif ;Netral
332;jadi jiwa bisa ngumpulin jiwa points biar bisa dituker sama produk janjiw gituu untung bangett pake app ini;Positif
333;ih enak banget di jiwa aku biasanya pake ini buat pick up order jd tidak perlu ngantri lagi asik banget dah jadi cepat;Positif
334;buruk sekali aplikasinya lambat dan tidak bisa terhubung dengan gopay alhasil kali gagal transaksi dan milih beli yg lain aja mohon dibenahi ;Negatif
335;mohon maaf aku pecinta janji jiwa kenapa kemasan di rubah yang baru ga bagus ga banget deh lebih bagus design yang lama kemasannya jadi ga menarik bikin ga mood deh bisa balikan ke design yang lama ga sedotannya juga ga bagus pokoknya aku suka yang lama lebih berkarakter dan berkelas terima kasih ;Negatif
336;tolong untuk order masuk dikasih bunyi notifikasi biar outlet langsung tau bahwa ada order masuk sy berapa kali gagal karna outlet tidak tau ada order jadi order tidak diterima yg akhirnya dibatalkan secara otomatis oleh app;Negatif
337;oke dan mudah;Positif
338;kesan pertama saya sangat buruk terhadap apps ini saya coba delivery via apps bnr lama sekali prosesnya dri saya pesan sampai ketangan saya memakan waktu jam kendala ada di driver saya kli ganti driver karena yg pertama tidak jalan status otw outlet tidak berubah selama mnit dan untuk yg kedua sama seperti itu cuman yg kedua ini setelah saya komplain baru ada pergerakan untuk kdpnnya lebih diperhatikan lagi lah kerjasama dengan jasa antar nya klo kek gini bnr ngecewain ;Negatif
339;mantap anjay mabar semagat developer yang harus bersabar dalam memperbaiki eror pada aplikasi ini;Positif
340;upgrade mulu tapi sistem tidak dibenahin mau mesen aja harus ngulang mulu dibatalin mulu sama sistem mesen jam siang baru gk eror jam an lu gila ya bikin aplikasi;Negatif
341;yg diskon stok kosong terus seluruh toko di palembang pdhal dr aplikasi lain ada ;Negatif
342;pesan gagal mulu bikin emosi;Negatif
343;di cancel;Negatif
344;aplikasi paling ngabisin semua ga sampe sebulan rasanya minta update terus ;Negatif
345;pelayanannya jelek aku sudah pesan nyampenya hampir jam;Negatif
346;diskon promo kemudahan bertransaksi nya juga oke yang jadi masalah app nya lambat berat lambat ;Netral
347;cepat tepat berdaya guna;Positif
348;mau pesan aja susah banget ya sampe batal terus;Negatif
349;uninstall aja app sampah ini di app semua item kosong atau outlet nya tutup apalagi yg promo selalu tidak tersedia giliran langsung beli outlet ternyata ada dan tersedia ;Negatif
350;masuk aplikasi lambat sekali lag ;Negatif
351;percuma flast sale gak bsa di order klo gak niat y gak usah dong ;Negatif
352;bintang ajadi daerah saya menunya tidak tersedia mulu;Negatif
353;oke;Positif
354;masa iya tiap hari kopi susu di janji jiwa dempo hm rasyad selalu kosong dari tgl juli smpe agustus tiap cek pasti gak tersedia niat ngak sih buat promo persevering tolong di follow up ;Negatif
355;di pilihan menu statusnya ada begitu masuk keranjang tidak tersedia;Negatif
356;untuk outlet yang terdekat dalam kota tidak tersedia di aplikasi padahal ada outlet malah yg ada cma di luar kota aneh banget ni aplikasi tidak mempermudah konsumen ;Negatif
357;abis pesan pake delivery pas pakai voucher tiba tiba stlh byr pake orenpay jd pickup akhirnya ngambil deh ke lokasi diperbaiki lagi aplikasinya;Negatif
358;nggak ada janji jiwa yang di manado;Negatif
359;aplikasi lambat boss mohon diperbaiki;Negatif
360;min tambahin pilihan minumannya biar sama seperti di outlet dong atau bikin mudah seperti pilihan yg ada terpajang di outlet munculin semua seperti aplikasi yg lama ;Netral
361;setelah update kok malah eror aplikasinya;Negatif
362;loading nya lama;Negatif
363;pelayanan sangat mengecewakan pesan di sistem tiba dibatalkan ;Negatif
364;ada voucher ongkir voucher diskon diskon tpi semuanya gabisa dipake voucher tidak dapat digunakan padahal udh memenuhi syarat pembelian aneh ;Negatif
365;mantap sangat bagus kasi promonya lagi dong;Positif
366;eror;Negatif
367;gak ada produk koq jualan di aplikasi payah;Negatif
368;uang saya gabalik balik;Negatif
369;aplikasi sering eror;Negatif
370;semoga ada tambahan pilihan metode pembayaran yang bayar tunai ditempat kadang di metode pembayaran digital lupa saldo terimakasih;Netral
371;update mulu perasaan cepet banget ini harus update lagi dan lagi;Negatif
372;aneh store buka tapi di aplikasi tutup yang buka di luar kota semua;Negatif
373;outlet pekanbaru gak ada;Negatif
374;bagus banget;Positif
375;aplikasi kocak update terus setiap minggu;Negatif
376;saya pesan x tapi di batal kan mksd nya apaa;Negatif
377;promo banyak tapi pas order malah dicancel outlet gak ada kejelasan juga ngapa tiba tiba dicancel;Negatif
378;app gajelas semua outletnya tutup;Negatif
379;kecewa masak iya mau aktifin nomer harus nunggu hari ;Negatif
380;aplikasi busuk;Negatif
381;aplikasi error terus sekali aja bisa abis itu dibatalkan terus ;Negatif
382;voucher promo gak bisa dipakai saat co kalo gak niat bikin promo gak usah promo ongkir kok lebih mahal dr aplikasi grab ya mending beli via grab lah trus aplikasi jj apa gunanya ;Negatif
383;oke dan banyak promo;Positif
384;cara pakai vouchernya gimana baru install aplikasi tapi tidak bisa pakai voucher promo kasih tau nanti saya rubah bintangnya;Netral
385;ongkirnya mahal;Negatif
386;gak ada kejelasan sudah order tapi gak ada yang pickup untuk order delivery pesanan tidak sampai ke alamat;Negatif
387;untuk promo dan voucher cukup oke penggunaan aplikasi cukup mudah walaupun agak lambat tetapi setelah kali order terasa sekali penurunan kualitas minuman yang dibeli lewat aplikasi daripada beli langsung ke outlet terasa sekali perbedaan rasanya jadi kecewa;Netral
388;pembayarannya kemaren bisa pake ovo ehh skrg cuman go pay padahal baru download kemaren dan belum pesan;Negatif
389;payah order pickup di batalin sma pihak outlet;Negatif
390;lagi event diskon pas udah bayar eh malah pesanan dibatalkan wkwkwk;Negatif
391;niatnya baik punya aplikasi tinggal pesan jadi ga harus menunggu antri lah malah tiba di batalkan gak tau yg batalkan dari aplikasinya atau outletnya yg tidak mau menerima aneh ;Negatif
392;serius masa tidak bisa login si;Negatif
393;aplikasi rusak outlet trisakti banjarmasin malah gak ada emg blm lengkap atau aplikasi ny yg rusak benerin dlu aplikasi ny tambahin dlu outlet nya trus mudahkan dalam pencarian outlet ny;Negatif
394;ga jelas aplikasi nya kebatal dua kali pertama kebatal terus saldo gopay ga dikembaliin kedua kebatal ga diproses tidak jelas aplikasinya;Negatif
395;sejauh ini sudah puluhan kali beli melalui apps tidak ada kendala dan proses cepat tinggal ambil dilokasi tapi tapiii setiap beli minuman dengan penawaran promo atau diskon rasa minumannya sering kali berubah ubah tidak konsisten dan beberapa kali bahkan tidak enak rasanya ;Negatif
396;ada promo tapi barang nya tidak tersedia trus aplikasi sampah ;Negatif
397;mimin makasih udahh kasih promo terus kalo pake aplikasi ;Positif
398;outlet janji jiwa palm spring tutup terus di aplikasi kayaknya karyawan sengaja matikan di aplikasi biar promo tidak bisa dipakai atau malas orderan banyak wkwkwk so tidak bisa mesan hmm mengecewakan sekali ;Negatif
399;sering bermasalah saat transaksi sering cancel;Negatif
400;voucher nya tidak bisa digunakan;Negatif
401;aplikasinya lambat mau nentuin aplikasi terdekat aja susah banget mana pas otomatis kedainya di denpasar lagi giak jauh amat bisa bangkrut gua;Negatif
402;baru juga selesai download aplikasi udh minta di update aja bikin penuh memori;Negatif
403;terus berkembang menjadi lebih baik ya;Netral
404;sering sering promo yaaa min jj;Positif
405;banyak promo tp aplikasinya sering banget harus diperbarui mana mau perbarui tidak bisa jadi harus di hapus terus instal ulang;Negatif
406;banyak banget diskonan nya keren banget ni aplikasi;Positif
407;aplikasi terbaik pemesanan kopi online lebih baik dari kopi yang lain banyak diskon dan promonya up to gunakan kode referral iymeue untuk dapat promonya ;Positif
408;pilihan menu tidak bisa diubah oleh karyawan di outlet terkait ada outlet yg buka tetapi pas pesan terdapat notifikasi outlet tutup sudah beberapa kali pesan tetapi tidak langsung di respon oleh outlet ada outlet yang lebih dekat tetapi tidak terdeteksi di aplikasi atau belum ada di aplikasi mohon management segara perbaiki terimakasih;Negatif
409;saya daftar mengalami kendala ketika memasukkan pin baru ada kotak tapi yang terisi hanya kotak ada peringatan refferal code not found saya coba download di hp lain tetap sama kotak pin yang bisa di isi hanya kotak jadi tolong diperbaiki ya biar saya update juga bintangnya saat ini saya uninstall dulu aplikasinya terima kasih kepada staf kopi janji jiwa soekarno tahunan jepara mas rizqi yg memberikan saya kesempatan menggunakan akunnya utk order kopi roti kentangnya ;Negatif
410;aneh banget pesan lewat aplikasi dekat outlet udah laoding lama tiba pesanan di batalkan padahal pas outlet sepi ga ada pengunjung mau ngulang lagi malas alhasil beli kopi yg lain ;Negatif
411;ribet banget harus ini tgl lahir developer app nya bego bayangin kl loe lahir th jempol harus scrolling mundur dari ke an butuh waktu berapa lama ;Negatif
412;kok yg terdekat tidak bisa dipilih sih padahal buka loh;Negatif
413;hadeh ada fitur menghidupkan lokasi malah gak sesuai malah ke provinsi sebelah untuk daerah riau gak ada janji jiwa kah perasaan banyak bertebaran di pku tapi malah gak ada beroperasi;Negatif
414;banyak promo gass aplikasi cukup lancar juga;Positif
415;untuk outlet tidak lengkap masa di jogja cuma bisa outlet padahal ada banyak outlet di jogja tolong ini di perbaiki pengen pake promo tapi gini amat;Negatif
416;aplikasi nya kenapa harus sering di update sih jujur lebih suka aplikasi yang dulu harganya lebih murahlebih mudah pake aplikasinya gampang dan gak harus selalu diperbaharui terus setiap beli paket kopi yang promo nya selalu rasanya gak enak entah es nya kebanyakan atau kopinya yang terlalu sedikit kecewa sich sekelas janji jiwa rasa kopinya seperti itu iya mungkin karena promo tapi emang harus semuanya gak enak ;Negatif
417;masih juga belum ada tambahan metode pembayaran cash debit credits card biar lebih beragam jadi kalau customer ga harus top up e wallet ;Negatif
418;aplikasi scam;Negatif
419;sejauh ini bagus tapi dari sisi sinkronisasi antara aplikasi jiwa sama grab kurang banget alhasil sulit berkomunikasi via aplikasi grab pemantauan posis driver juga harus klik lokasi berkali kali untuk sekedar liat posisi driver tolong ditingkatkan yaaa;Netral
420;dah pesan dah bayar tapi tidak jelas statusnya;Negatif
421;baru update kenapa suruh update terus;Negatif
422;apa gunanya aplikasi jjanji jiwa ini mau pesan lewat app x dibatalkan dari pihak janji jiwanya mengecewakan gak lagi beli online maupun offline kacau ;Negatif
423;banyak outlet yg tidak ada di app masa sejogja cuman doang itupun yg tutup mulu;Negatif
424;aplikasi nya setiap di buka update mulu tidak jelas;Negatif
425;menurut saya semua udah bagus tapi agak lambat ketika memberikan respon ketika saya minta pengembalian dana katanya sudah disiaplikasian setelah ditunggu sejam kemudian katanya belum dipick up driver setelah itu ternyata udah di pengembalian dana oleh pihak terkait agak sebel sih;Netral
426;pesan via app selalu gak diterima;Negatif
427;lambat banget tidak niat buat aplikasi ada juga yg ngasih bintang dan seolah menyalahkan device orang wkwkwkw hellow iphone aja pake aplikasi ini juga error' apakah masih bisa pembelaan minimal tuh minta maaf bkan menyalahkan ;Negatif
428;aplikasi apaan gak bisa di pakai jaman sekarang customer lebih mudah dan praktis belanja melalui online kalau tidak segara di perbaiki gak bakal ada kemajuan ;Negatif
429;transaksi gagal uang tidak di kembalikan;Negatif
430;gajelas banget sumpah aplikasi ini;Negatif
431;gw ganti jadi bintang satu gila lama banget loading nya selalu ada notif error tapi pas cek keranjang tiba tiba udh banyak aja yg dipilih karena keterangan selalu error jadi coba klik pesanan berulang kali org juga malas pesan pake aplikasi karena loading nya lama error terus ;Negatif
432;aplikasi lambat buat apa dibikin bukannya mempermudah malah memperlambat tipe developer yang gak mentingin fitur;Negatif
433;error terus app nya;Negatif
434;ui nya ok simple tapiii lambatt bangettt ya tolong perbaiki masa mau pesan aja gabisaaa;Netral
435;aplikasi sampah gabisa atur lokasi sistemnya ngebug trs;Negatif
436;aplikasi terlalu banyak bug;Negatif
437;aplikasi buruk error terus tidak bisa dipakai;Negatif
438;tidak berguna;Negatif
439;ngasih promoan tp pas checkout lama banget loading terus;Negatif
440;aplikasinya lambat;Negatif
441;tidak bisa daftar login;Negatif
442;saya pesan lewat aplikasi ini tiga kali berturut selalu dibatalkan oleh pihak aplikasi tanpa alasan bisa tolong bantu dijawab keluhan saya ini;Negatif
443;banyak promo;Positif
444;pembayaran tidak bisa pakai ovo setelah update versi terbaru sdh lapor disuru di cek berkala sdh seperti ini lebih dari bln mau cek berkala sampai kapan ;Negatif
445;gimana sih voucher tidak bisa dipakai kenapa notifikasi segala kalau tidak bisa di pake potongan ongkir jg sama taiiii klw ga bs pake jgn php in org mw pesan lwt aplikasi aja ribet benerin dlu sana aplikasi baru gua pesan bikin ksl;Negatif
446;aplikasi sangat buruk ketika pembayaran malah error' ;Negatif
447;udah hp coba pakek aplikasi aplikasi gak bisa dipake pas pembayaran;Negatif
448;ketersediaan stock menu tidak pernah update disini padahal kalo beli langsung kesana driver dr aplikasi gojek menunya ada tapi kalo cek di aplikasi kosong heran bisa gitu ya mengecewakan ;Negatif
449;kebanyakan updte mulu ampun;Negatif
450;promo tidak dapat digunakan;Negatif
451;praktis banyak diskon tp kopi yg d terima tidak sesuai yg d pesan pesan senja tp rasa biji kopi regular komplain jiwa care bukanya menyelesaikan masalah malah cari alasan untuk membenarkan masalah mending ga usah ada jiwa care drpd buang buang waktu komplain sungguh mengecewakan;Negatif
452;metode pembayaran tidak lengkap hanya bisa beberapa ewallet tertentu tidak bisa cash debit kredit apalagi qris aplikasi terasa lambat tolong dilengkapi dan diperbaiki lagi aplikasinya ;Negatif
453;aplikasi jelek jelek banget udh input kode refferal tapi tidak dapat diskon ;Negatif
454;terlalu sering update;Negatif
455;terimakasih untuk diskon nya baru pertama kali download semuanya lancar ;Positif
456;aplikasinya tidak berguna lokasi di jogja tapi buka aplikasi mau pesan ga ada pilihan terdekat padahal harusnya ada yg jarak km dipilihin dari aplikasinya yg km lebih buat pickupdelivery malah kebanyakan pilihan store dari jakarta gw mau beli kopi aja harus pickupdelivery dari jakarta gitu ;Negatif
457;minta update doang sering banget tp point' gue tidak bisa ditukarkan ;Negatif
458;perbaiki aplikasinya masa pas mau lakukan pembayaran via pihak ketiga gak bisa yg diskon yg tanpa diskon baru bisa terus pas sdh bayar pergi ke outletnya katanya gak ada masuk eh ternyata batal dan uanganya d pengembalian dana ;Negatif
459;mereka belum siap dengan pengiriman nya entah human eror atau gimana tapi kita gabisa pesan lewat sini udah beberapa jam nunggu akhirnya di pengembalian dana juga karena alasan gak dapet kurir;Negatif
460;percuma ada point tapi gapernah bisa dipakai buat apa coba ;Negatif
461;ini jiwa point kenapa tidak bisa dipakai ;Negatif
462;dari pertama download tidak bisa dipakai sama sekali lokasi sudah dimasukkan di pekanbaru lokasi outlet yang muncul malah di batam yang lancar di jawa doang kayanya ;Negatif
463;aplikasi lambat gak niat bikin apa gimana sih;Negatif
464;kumpulin poin tapi sdh lama gk kepake;Negatif
465;aplikasi nyusahin busuk bngt beli ditoko yang paling deket menurut aplikasi ini gak sampe km pas ke rukonya sesuai dengan dengan map yg diaplikasi ini malah g ada toko taunya pas dicari google tempatnya sampe km udah dibikin nyasar sama map aplikasi jauh bngt lagi toko sebenernya aplikasi busuk lah pokokny;Negatif
466;mantap;Positif
467;yaelah baru di download malah gak bisa di pake untuk di indonesia bagian timur jelek aplikasi ini mah kesannya apps yg di paksa jadi pdhl belum selesai mending di mantap dulu apps nya baru nti suruh teman sejiwa download spya nti kesannya nanti gak mengecewakan plis langsung di koreksi jangan di ulur;Negatif
468;luar biasa saya tertarik dengan potongan harganya terima kasih ;Positif
469;knp saat ingin memferivikasi nomor ponsel saya tidak bisa padahal saya sudah memberikan otp nya dengan benar saya sudah coba berulang kali dan hasilnya sama saja ;Negatif
470;makasih;Positif
471;saya lebih suka aplikasi yang lama lebih mudah dan nyaman;Negatif
472;happy banyak disc nyamoga srg ada disc ya ;Positif
473;pertama kali coba aplikasinya oke dan berfungsi hanya saja tidak semua outlet support aplikasi jiwa ini contohnya janji jiwa yg di muara karang deket tempat sy tidak tersedia di aplikasi ini tolong lah semua lokasi janji jiwanya di update ;Netral
474;tidak bisa memakai jiwa point;Negatif
475;udah x pake alhamdulillah tidak ada masalah;Positif
476;suka tidak jelas lambat banget mau bayar tapi tidak ada notifikasi di e walletnya tolong perbaiki lg;Negatif
477;bagus dan saya sangat menunggu ini abaikan komen bintang yang lain error itu banyak faktor terutama di device pengguna itu sendiri saya dan temen temen pake jiwa aman lancar tanpa bug atau error semangat jiwa grup ;Positif
478;aplikasi gajelas mending aplikasi kopken;Negatif
479;aplikasinya bagus tapi sayang gak semua outlet ada padahal d sekitar sini ada sekitar outlet terdekat tapi ' nya gak ada d aplikasi;Netral
480;kalo belom siap bikin aplikasi ngga usah launching aplikasi saya rugi ribu gara outlet otomatis terkedata nya di cikini padahal lokasi saya depok saya udah on gps dan download aplikasi pun di outlet depok direkomendasikan kasir saya kaget tiba kasir outlet bilang pesanan belom masuk sudah hubungi cs nggak ada solusi sama sekali rugi quota rugi uang kapok aplikasi sampah ;Negatif
481;pesanan dibatalin tapi saldo gopaynya ga balik gimana sih ini aplikasinya;Negatif
482;keren;Positif
483;katanya dpt voucher pengguna pertama eh setelah di chekout gak bisa dongg orderanku dicancel x sama janji jiwa bohong yaa promonya ;Negatif
484;mengecewakan pesan di jiwa plus setelah pembayaran berhasil malah error udh saldo kepotong dan akhirnya gk bsa pesan udah gtu saldo balik nya masa nunggu aplikasi nya benar entah kapan sangat kecewa ;Negatif
485;baru pertama kali kasih rating ke aplikasi orderan dicancel padahal udah bayar duitnya ga balik chat customer service ga ada balesan aplikasi terjelek ;Negatif
486;aplikasi terjelek sih masa w dah pesan dan bayar tiba pesanan gw diaplikasi di batalkan gmna uang w kan udh terpotong;Negatif
487;error broo susah bgd mau pesannya even gak bisa sama sekali loading terus;Negatif
488;aplikasi banyak bugnya gabisa order padahal sudah kali dicoba ke caffenya langsung sama baristanya masih gabisa juga rugi bensin rugi paket data buat aplikasi kayak gini doang ;Negatif
489;aplikasi rusak ovo ketahan;Negatif
490;masih kurang;Negatif
491;mesan kali di tolak kali pake nunggu lama lagi udah siap apa belum sih pake app kalah jauh sama kenangan;Negatif
492;untuk perihal lokasi tolong banget diperbaiki tidak bisa sinkron dengan lokasi saya saat ini udah kucoba update namun sama saja masih tidak ada perubahan mau coba order pun gajadi terus karna lokasinya gak sesuai alias meleset jauh banget tidak sesuai sama lokasi saya saat ini;Negatif
493;tidak bisa memasukkan voucher;Negatif
494;kok tidak bisa pembayaran ketika saya klik pembayaran menggunakan shoppee tidak muncul pin untuk pembayaran dan ke cancel;Negatif
495;banyak bug waktu pembayaran ewallet gabisa lanjut ke pembayaran;Negatif
496;ini gimana sih klo yg baru blm sebaik aplikasi yg lama janganlah di launch aplikasi yg baru udah login susah outlet ga lengkap tinggalkan saja;Negatif
497;aplikasi baru malah lambat sekali tidak responsif enak aplikasi lama;Negatif
498;ini kenapa aplikasi gabisa di pakai mau beli di outlet pekanbaru malah di suruh ke outlet bukit tinggi tolong dong di perbaiki udh bulan tidak bisa di pakai ini klo belum siap sm aplikasi baru mending di hapus aja ;Negatif
499;kamis maret jam wib barusan download app ini mau beli melalui app untung tanya dulu ke store nya ternyata store jilid kagak ada katanya si mbak app lg error kalah sama kopi kenangan kopi kenangan gak pernah error dan banyak promo melalui app ;Negatif
500;ini jiwa point kek nya gak bakalan bisa digunain jiwa point saya udah kadaluarsa sendiri karna tidak bisa di gunakan;Negatif
501;aplikasi berfungsi gak sih masa order kali di outlet berbeda dibatalkan terus jangan aplikasi scam nih bahaya ;Negatif
502;pembayarannya ribet gak jelas;Negatif
503;hai pengalaman menggunakan aplikasi ini terlihat lebih lama dibandingkan order secara langsung sungguh mengecewakan bintang ;Negatif
504;outletnya tidak bisa dipilih gabisa input alamat selalu gagal;Negatif
505;bodoh aplikasi tidak berguna ;Negatif
506;gak bisa digunakan mau daftar aja gak bisa;Negatif
507;dapet voucher makasii sumpahh enak banget kopi sama toas nyaa janji jiwa di soreang bandung mantap ;Positif
508;mohon maaf tak kasih bintang kenapa nulis tanggal lahir kok mundur mundur ;Negatif
509;menurutku aplikasinya bagus yg hitam yng lama itu gak berat seperti aplikasi yg merah baru ini sangat berat sekali proses terus dan tidak banyak pilihan menu;Negatif
510;percuma ada jiwa poin tapi tidak bisa di pake;Negatif
511;kok outlet yg di kota yg bersangkutan tidak terdeteksi;Negatif
512;maaf bru bisa kasih rating kecil krna masih banyak kekurangan di aplikasi ini pelayanan untuk pengguna aplikasi ini masih terlalu lama normalnya jika pelanggan sudah memesan melunasi pembayaran outlet harus sudah langsung memproses pesanan tsb tp trnyata tidak berlaku demikian pesanan baru diproses jika pelanggan dtg ke outlet untuk mengambil pesanan jiwa point yg sudah terkumpul sampai saat ini masih tidak bisa digunakan tlg poin ini diperbaiki y ;Negatif
513;padahal udh ada d history mau order aja susah bener ga kaya aplikasi lama yg cepat tempat pick up menteng huis gabisa di ganti di cari juga tidak bisa lah saya order dr janjiw smb masa mau ambil ke menteng ampe uninstall x masi aja tidak beres;Negatif
514;aku order dibatalkan terus;Negatif
515;ini kenapa tidak bisa dipakai apps ini setelah update per tgl februari apps masih error beberapa lokasi outlet yg awalnya banyak di sekitar karawaci tiba banyak yg hilang tolong bug lokasi atau maps diperbaiki thx ;Negatif
516;gak jelas gak bisa bayar;Negatif
517;error mulu;Negatif
518;diskon menipu ;Negatif
519;sudah bisa mengerti hanya saja point kmrin yg dah didapat dimisi gak bisa dipakai lagi kaya jumlah pembelian diganti exp yg didapat kan dari awal lg jdnya ;Negatif
520;mantap semoga semakin sukses;Positif
521;bener gak suka aplikasi yg skarng msa iya gak ke kedata lokasi yg paling dekat mlah lokasi jauh yg ke kedata janji jiwa kandangan tanjung gak ke kedata di aplikasi yg baru lebih suka aplikasi yg lama kembalikan aplikasi yg lama adminnnn;Negatif
522;gajelas masa voucher diskonount kode referal nya ga di pengembalian dana sih gara gara dibatalin sama janji jiwanya sendiri aneh kalo gtu harus ajak orang lagi dong biar dpt discount licik banget strategi nya;Negatif
523;bagus banget;Positif
524;sistemnya ribet sudah pesan tidak bisa di batalin harga mahal pelayanan murahan;Negatif
525;pesan lewat aplikasi ini kagak bisa beres x pesan gerai yg berbeda di cancel semua;Negatif
526;pesanan dibatalkan mulu;Negatif
527;aplikasi eror saat order di vasanta inopark;Negatif
528;aplikasi yg ribet bayar aja susah;Negatif
529;lambat bukan jaringan tapi emang app ny;Negatif
530;wah kacau banget ini aplikasi aku tidak bisa chekout grgr di menu ringkasan pembayaran loading trs gk muncul harganya sempet laporan ke admin janjiw di wa hari senin dan katanya perbaikan sistem mohon tunggu x jam dan skrg hari kamis masih dalam masalah yg sama gua chat lagi cs dan ternyata masih tidak solutif karna masih perbaikan come on udah x jam ini niat gk sih dev jiwa plus ini kalo gk niat ya gak usah bikin aplikasi lah kecewa banget ;Negatif
531;tidak bisa tukar point payah;Negatif
532;jiwa point tidak bisa dipakai kenapa ya selalu waktu mau bayar tulisannya jiwa point sedang tidak bisa dipakai dari dulu sampe skrg loh;Negatif
533;kenapa habis di update tanggal februari jadi tidak bisa muncul menunya;Negatif
534;aplikasinya kurang pilihan outlet di samarinda pensive ;Negatif
535;orderan gak masuk di outlet;Negatif
536;gak bisa order sama sekali karna tiap order gak pernah masuk ke laman pembayarannya jadi orderan gak bisa di bayar ;Negatif
537;pesan delivery hampir jam ga sampe katanya tidak ada driver yg ngambil malah disuruh ambil sendiri pas mau cancel dipersulit baru nyoba pertama dah bikin kapok;Negatif
538;ngaco banget padahal location biasanya langsung kekedata tapi ini malah ke yang jauh pas udah dibenerin ntar melenceng sendiri beberapa kali pesan di outlet yang jauh jauh jadi buang duit tidak ada fitur cancel lagi;Negatif
539;sering adain promo di jiwa nya yah ka mantap poko nya janji jiwa mantap;Positif
540;orderan saya di cancel resto tapi dana ga di balikin aneh;Negatif
541;kurang meyakinkan aplikasinya btw ini kode referal kalau mau diskon dan potongan di janji jiwa arebbe;Negatif
542;jelek banget yakkkk promo belum di ambil udah hilang;Negatif
543;first pake ngebug pesanan saya tdk masuk karena pembayaran tidak masuk juga agak kecewa sih;Negatif
544;jiwa pointnya gabisa digunakan terus gimana sih ;Negatif
545;aplikasi tidak sesuai ekspektasi harusnya disaat pembeli melakukan transaksi itu alamat pengambilan di sesuaikan dong dengan si pembeli;Negatif
